refrigerant,bore_mm,season,hour,E_ac_kWh,E_vent_kWh
Propane,30.0,winter,0,0.0,0.09999999999999999
Propane,30.0,winter,1,0.17167575759335496,0.1641660158667948
Propane,30.0,winter,2,0.5079962816181741,0.30499804760038435
Propane,30.0,winter,3,0.33703637393690233,0.24083203173358952
Propane,30.0,winter,4,0.22930831661829446,0.22749902380019218
Propane,30.0,winter,5,0.0,0.14999999999999997
Propane,30.0,winter,6,0.5243661905194771,0.4058310555337817
Propane,30.0,winter,7,0.7403622810825096,0.520830079333974
Propane,30.0,winter,8,0.8726838735711296,0.6099960952007687
Propane,30.0,winter,9,0.7571715658161976,0.520830079333974
Propane,30.0,winter,10,0.8914595313237383,0.6099960952007687
Propane,30.0,winter,11,0.766584575798801,0.520830079333974
Propane,30.0,winter,12,0.7513577706538217,0.520830079333974
Propane,30.0,winter,13,0.7530620364843675,0.520830079333974
Propane,30.0,winter,14,0.8896364603252103,0.6099960952007687
Propane,30.0,winter,15,0.6865350085221726,0.520830079333974
Propane,30.0,winter,16,0.8466282271963312,0.5591630872673713
Propane,30.0,winter,17,0.6939631692870656,0.4824970714005765
Propane,30.0,winter,18,0.456499756655917,0.3424980476003844
Propane,30.0,winter,19,0.3139201214318136,0.2783320317335895
Propane,30.0,winter,20,0.0,0.13749999999999996
Propane,30.0,winter,21,0.0,0.13749999999999996
Propane,30.0,winter,22,0.0,0.12499999999999996
Propane,30.0,winter,23,0.0,0.11249999999999996
Propane,30.0,spring,0,0.0,0.11249999999999999
Propane,30.0,spring,1,0.0,0.13749999999999996
Propane,30.0,spring,2,0.0,0.12499999999999996
Propane,30.0,spring,3,0.0,0.11249999999999996
Propane,30.0,spring,4,0.0,0.14999999999999997
Propane,30.0,spring,5,0.5326204584162739,0.40583105553378174
Propane,30.0,spring,6,0.7422994754587436,0.520830079333974
Propane,30.0,spring,7,0.7595112437616138,0.520830079333974
Propane,30.0,spring,8,0.7763329555914591,0.520830079333974
Propane,30.0,spring,9,0.8800010848566344,0.6099960952007687
Propane,30.0,spring,10,0.7637075789120429,0.5591630872673713
Propane,30.0,spring,11,0.8945978043895861,0.5716630872673714
Propane,30.0,spring,12,0.7770126343944709,0.520830079333974
Propane,30.0,spring,13,0.761465116571008,0.520830079333974
Propane,30.0,spring,14,0.918856666865207,0.6099960952007687
Propane,30.0,spring,15,0.8311554331839439,0.6099960952007687
Propane,30.0,spring,16,0.7943578583619018,0.520830079333974
Propane,30.0,spring,17,0.625940607397805,0.43166406346717917
Propane,30.0,spring,18,0.6245769722622241,0.43166406346717917
Propane,30.0,spring,19,0.4689499823701434,0.3424980476003843
Propane,30.0,spring,20,0.48263804931967236,0.3424980476003843
Propane,30.0,spring,21,0.406547598744806,0.291665039666987
Propane,30.0,spring,22,0.3275862071228969,0.26583203173358955
Propane,30.0,spring,23,0.16793446165185233,0.21416601586679473
Propane,30.0,summer,0,0.419118431360239,0.25416503966698695
Propane,30.0,summer,1,0.5031124515631156,0.30499804760038435
Propane,30.0,summer,2,0.509324747137242,0.31749804760038436
Propane,30.0,summer,3,0.5110534300187647,0.3424980476003843
Propane,30.0,summer,4,0.5742859191375077,0.3933310555337817
Propane,30.0,summer,5,0.7897094408731077,0.520830079333974
Propane,30.0,summer,6,0.7841899819419056,0.520830079333974
Propane,30.0,summer,7,0.7898284895178147,0.520830079333974
Propane,30.0,summer,8,0.8690362918745489,0.6099960952007687
Propane,30.0,summer,9,0.8673997925056056,0.6099960952007687
Propane,30.0,summer,10,0.9094637044354292,0.6099960952007687
Propane,30.0,summer,11,0.9488223854765321,0.6099960952007687
Propane,30.0,summer,12,0.9891649711327891,0.6099960952007687
Propane,30.0,summer,13,1.0215267310187888,0.6099960952007687
Propane,30.0,summer,14,1.0343723013896142,0.6099960952007687
Propane,30.0,summer,15,1.0311705164264249,0.6099960952007687
Propane,30.0,summer,16,1.0242004138546177,0.6099960952007687
Propane,30.0,summer,17,0.8640824665017912,0.5083300793339739
Propane,30.0,summer,18,0.6921530291024737,0.4066640634671791
Propane,30.0,summer,19,0.6702670064997587,0.4066640634671791
Propane,30.0,summer,20,0.5818138272801708,0.3558310555337817
Propane,30.0,summer,21,0.5894149603428771,0.3558310555337817
Propane,30.0,summer,22,0.5096776430097019,0.30499804760038435
Propane,30.0,summer,23,0.5010870148010406,0.30499804760038435
Propane,30.0,fall,0,0.3328777462652386,0.21583203173358959
Propane,30.0,fall,1,0.5029630144417154,0.30499804760038435
Propane,30.0,fall,2,0.4987317503670548,0.30499804760038435
Propane,30.0,fall,3,0.33327232351477876,0.25333203173358954
Propane,30.0,fall,4,0.3863090674649763,0.32916503966698696
Propane,30.0,fall,5,0.6199611594816858,0.4316640634671791
Propane,30.0,fall,6,0.7536513574810592,0.520830079333974
Propane,30.0,fall,7,0.7650264884973432,0.520830079333974
Propane,30.0,fall,8,0.7406686678081851,0.520830079333974
Propane,30.0,fall,9,0.931468392560985,0.6099960952007687
Propane,30.0,fall,10,0.8466967642847859,0.6099960952007687
Propane,30.0,fall,11,0.8079555605955868,0.520830079333974
Propane,30.0,fall,12,0.7695005438396072,0.520830079333974
Propane,30.0,fall,13,0.7501204085829403,0.520830079333974
Propane,30.0,fall,14,0.9336027926560657,0.6099960952007687
Propane,30.0,fall,15,0.8352854890404965,0.6099960952007687
Propane,30.0,fall,16,0.7891148074423293,0.520830079333974
Propane,30.0,fall,17,0.6100868257378788,0.43166406346717917
Propane,30.0,fall,18,0.627946317355879,0.43166406346717917
Propane,30.0,fall,19,0.6298996033398792,0.4316640634671791
Propane,30.0,fall,20,0.4929009670427511,0.31749804760038436
Propane,30.0,fall,21,0.405183960129238,0.30416503966698694
Propane,30.0,fall,22,0.4155117585709952,0.30416503966698694
Propane,30.0,fall,23,0.41073048961095604,0.291665039666987
Propane,40.0,winter,0,0.0,0.09999999999999999
Propane,40.0,winter,1,0.18840402609512943,0.16536979188159534
Propane,40.0,winter,2,0.0,0.09999999999999999
Propane,40.0,winter,3,0.0,0.09999999999999999
Propane,40.0,winter,4,0.1617282274750742,0.19036979188159533
Propane,40.0,winter,5,0.0,0.14999999999999997
Propane,40.0,winter,6,0.7160376700846133,0.5143489594079766
Propane,40.0,winter,7,0.8799792196705325,0.5797187512895721
Propane,40.0,winter,8,1.0188812590454042,0.6575885431711673
Propane,40.0,winter,9,1.0292562054580263,0.6700885431711674
Propane,40.0,winter,10,1.1783665539910717,0.7479583350527628
Propane,40.0,winter,11,0.8905613277340578,0.5797187512895721
Propane,40.0,winter,12,1.1910707733622459,0.7479583350527628
Propane,40.0,winter,13,0.9126121645598909,0.5797187512895721
Propane,40.0,winter,14,1.0284963536011837,0.6575885431711673
Propane,40.0,winter,15,1.0447768813838045,0.6700885431711674
Propane,40.0,winter,16,1.0243211323052979,0.6575885431711673
Propane,40.0,winter,17,0.8844973615916684,0.592218751289572
Propane,40.0,winter,18,0.4795535599377354,0.33360937564478604
Propane,40.0,winter,19,0.0,0.14999999999999997
Propane,40.0,winter,20,0.0,0.13749999999999996
Propane,40.0,winter,21,0.0,0.13749999999999996
Propane,40.0,winter,22,0.0,0.12499999999999996
Propane,40.0,winter,23,0.0,0.11249999999999996
Propane,40.0,spring,0,0.0,0.11249999999999999
Propane,40.0,spring,1,0.0,0.13749999999999996
Propane,40.0,spring,2,0.0,0.12499999999999996
Propane,40.0,spring,3,0.0,0.11249999999999996
Propane,40.0,spring,4,0.0,0.14999999999999997
Propane,40.0,spring,5,0.7456568943382662,0.5143489594079766
Propane,40.0,spring,6,0.8893595175707981,0.5797187512895721
Propane,40.0,spring,7,0.9143615907391612,0.5797187512895721
Propane,40.0,spring,8,1.2017387441399312,0.7479583350527628
Propane,40.0,spring,9,1.0621077743506095,0.6575885431711673
Propane,40.0,spring,10,1.0882192602161158,0.6700885431711674
Propane,40.0,spring,11,1.2674250440785104,0.7479583350527628
Propane,40.0,spring,12,1.2682079015416337,0.7479583350527628
Propane,40.0,spring,13,0.9545691472650751,0.5797187512895721
Propane,40.0,spring,14,1.2546334427932342,0.7479583350527628
Propane,40.0,spring,15,1.205441079166339,0.7479583350527628
Propane,40.0,spring,16,1.0537220009541346,0.6575885431711673
Propane,40.0,spring,17,0.9445123194680067,0.5797187512895721
Propane,40.0,spring,18,0.9312086749729398,0.567218751289572
Propane,40.0,spring,19,0.8094961572176738,0.4643489594079767
Propane,40.0,spring,20,0.6843148595479551,0.4239791675263813
Propane,40.0,spring,21,0.3461686307284092,0.2682395837631907
Propane,40.0,spring,22,0.17422900428119387,0.21536979188159533
Propane,40.0,spring,23,0.0,0.14999999999999997
Propane,40.0,summer,0,0.8967678380288311,0.4518489594079767
Propane,40.0,summer,1,0.7318038945054621,0.3614791675263814
Propane,40.0,summer,2,0.7292110622588309,0.3614791675263814
Propane,40.0,summer,3,0.8682948643895871,0.46434895940797666
Propane,40.0,summer,4,0.9583077745209947,0.5547187512895719
Propane,40.0,summer,5,0.9425294881420934,0.5797187512895721
Propane,40.0,summer,6,1.1950506792098394,0.7479583350527628
Propane,40.0,summer,7,0.947934587199635,0.5797187512895721
Propane,40.0,summer,8,1.244386709405939,0.7229583350527627
Propane,40.0,summer,9,1.2627226095189203,0.7229583350527627
Propane,40.0,summer,10,1.3053634150717603,0.7229583350527627
Propane,40.0,summer,11,1.3153400308829957,0.7229583350527627
Propane,40.0,summer,12,1.3231180207302784,0.7229583350527627
Propane,40.0,summer,13,1.3401270866458035,0.7229583350527627
Propane,40.0,summer,14,1.3592504211842684,0.7229583350527627
Propane,40.0,summer,15,1.52402279353071,0.8133281269343581
Propane,40.0,summer,16,1.368338050813168,0.7229583350527627
Propane,40.0,summer,17,1.2072596373521627,0.6325885431711674
Propane,40.0,summer,18,1.0183270599336738,0.542218751289572
Propane,40.0,summer,19,1.0338359448004728,0.542218751289572
Propane,40.0,summer,20,1.0201659399116276,0.542218751289572
Propane,40.0,summer,21,0.8569095205472307,0.4518489594079767
Propane,40.0,summer,22,0.8718070495539887,0.4518489594079767
Propane,40.0,summer,23,0.7022497934846932,0.3614791675263814
Propane,40.0,fall,0,0.36525414694627534,0.21823958376319066
Propane,40.0,fall,1,0.0,0.14999999999999997
Propane,40.0,fall,2,0.0,0.14999999999999997
Propane,40.0,fall,3,0.0,0.14999999999999997
Propane,40.0,fall,4,0.48522672759419155,0.358609375644786
Propane,40.0,fall,5,0.9101440185828447,0.5797187512895721
Propane,40.0,fall,6,0.9073446746516751,0.5797187512895721
Propane,40.0,fall,7,1.03226085603904,0.6575885431711673
Propane,40.0,fall,8,1.063030685893697,0.6700885431711674
Propane,40.0,fall,9,1.216083857419582,0.7479583350527628
Propane,40.0,fall,10,1.2177688753218425,0.7479583350527628
Propane,40.0,fall,11,1.0689867802913418,0.6575885431711673
Propane,40.0,fall,12,1.11351257824567,0.6700885431711674
Propane,40.0,fall,13,1.2328904090215194,0.7479583350527628
Propane,40.0,fall,14,1.0773237190990212,0.6575885431711673
Propane,40.0,fall,15,1.0565947805677922,0.6700885431711674
Propane,40.0,fall,16,1.2302261918747117,0.7479583350527628
Propane,40.0,fall,17,0.9289994021807697,0.5797187512895721
Propane,40.0,fall,18,0.9494998392523347,0.567218751289572
Propane,40.0,fall,19,0.8113419500513659,0.46434895940797666
Propane,40.0,fall,20,0.6876147245599206,0.41147916752638136
Propane,40.0,fall,21,0.5208835225839189,0.34610937564478605
Propane,40.0,fall,22,0.5248327958286636,0.333609375644786
Propane,40.0,fall,23,1.0272012493341647,0.542218751289572
Propane,50.0,winter,0,0.0,0.09999999999999999
Propane,50.0,winter,1,0.3526104558872648,0.20370279981499273
Propane,50.0,winter,2,0.6859002762387902,0.33240559962998545
Propane,50.0,winter,3,0.0,0.11249999999999996
Propane,50.0,winter,4,0.29138239307375113,0.2412027998149927
Propane,50.0,winter,5,0.0,0.14999999999999997
Propane,50.0,winter,6,1.0286725945268302,0.6273111992599709
Propane,50.0,winter,7,1.0188536382809557,0.627311199259971
Propane,50.0,winter,8,1.4891433935317206,0.8847167988899565
Propane,50.0,winter,9,1.4761499626951187,0.8847167988899565
Propane,50.0,winter,10,1.5341916204458976,0.8847167988899565
Propane,50.0,winter,11,1.5407746414889845,0.8847167988899565
Propane,50.0,winter,12,1.5081227829850308,0.8847167988899565
Propane,50.0,winter,13,1.5810623162534088,0.8847167988899565
Propane,50.0,winter,14,1.4802661647467592,0.8847167988899565
Propane,50.0,winter,15,1.4858819340776113,0.8847167988899565
Propane,50.0,winter,16,1.5130085706618548,0.8847167988899565
Propane,50.0,winter,17,1.3194465930721164,0.7310139990749637
Propane,50.0,winter,18,0.8604488441051164,0.4861083994449783
Propane,50.0,winter,19,0.0,0.14999999999999997
Propane,50.0,winter,20,0.0,0.13749999999999996
Propane,50.0,winter,21,0.0,0.13749999999999996
Propane,50.0,winter,22,0.0,0.12499999999999996
Propane,50.0,winter,23,0.0,0.11249999999999996
Propane,50.0,spring,0,0.0,0.09999999999999999
Propane,50.0,spring,1,0.0,0.13749999999999996
Propane,50.0,spring,2,0.0,0.12499999999999996
Propane,50.0,spring,3,0.0,0.11249999999999996
Propane,50.0,spring,4,0.0,0.14999999999999997
Propane,50.0,spring,5,0.8105068886712542,0.49860839944497826
Propane,50.0,spring,6,1.5465152835000153,0.8847167988899565
Propane,50.0,spring,7,1.5362382709620759,0.8847167988899565
Propane,50.0,spring,8,1.5542748095033687,0.8847167988899565
Propane,50.0,spring,9,1.6086708871775512,0.8847167988899565
Propane,50.0,spring,10,1.6035715243688617,0.8847167988899565
Propane,50.0,spring,11,1.9009673220061916,1.013419598704949
Propane,50.0,spring,12,1.6430578932761737,0.8847167988899565
Propane,50.0,spring,13,1.6915204690935965,0.8847167988899565
Propane,50.0,spring,14,1.919768360629019,1.0259195987049492
Propane,50.0,spring,15,1.6044738801720495,0.8847167988899565
Propane,50.0,spring,16,1.635443826522792,0.8847167988899565
Propane,50.0,spring,17,1.6183054651877884,0.8597167988899563
Propane,50.0,spring,18,1.127972024843972,0.589811199259971
Propane,50.0,spring,19,1.2154763123441497,0.602311199259971
Propane,50.0,spring,20,1.271723276810352,0.5898111992599709
Propane,50.0,spring,21,0.9749883993016555,0.4736083994449783
Propane,50.0,spring,22,1.317832197987075,0.5898111992599709
Propane,50.0,spring,23,1.3641631756564898,0.5648111992599709
Propane,50.0,summer,0,1.3433892925616604,0.5648111992599709
Propane,50.0,summer,1,1.3394357283131986,0.5648111992599709
Propane,50.0,summer,2,1.0475737117231252,0.4361083994449782
Propane,50.0,summer,3,1.3661553492773786,0.577311199259971
Propane,50.0,summer,4,1.5108022650620836,0.7310139990749637
Propane,50.0,summer,5,1.6364056165992198,0.8722167988899564
Propane,50.0,summer,6,1.6210681488413181,0.8847167988899565
Propane,50.0,summer,7,1.9328077473816698,1.0259195987049492
Propane,50.0,summer,8,1.6515672012990175,0.8597167988899563
Propane,50.0,summer,9,1.9197878678765328,0.9884195987049492
Propane,50.0,summer,10,1.9802863873315086,0.9884195987049492
Propane,50.0,summer,11,1.6572555093881007,0.8472167988899565
Propane,50.0,summer,12,2.332233348846987,1.1296223985199418
Propane,50.0,summer,13,1.78523676041531,0.8472167988899565
Propane,50.0,summer,14,2.0491772338734755,0.9884195987049492
Propane,50.0,summer,15,2.0636673266233125,0.9884195987049492
Propane,50.0,summer,16,2.0537359172817498,0.9884195987049492
Propane,50.0,summer,17,1.8166705268361123,0.8472167988899565
Propane,50.0,summer,18,1.5117678425698344,0.7060139990749638
Propane,50.0,summer,19,1.8542185223482357,0.8472167988899565
Propane,50.0,summer,20,1.2908570858034567,0.5648111992599709
Propane,50.0,summer,21,1.260829284359458,0.5648111992599709
Propane,50.0,summer,22,1.374988510336155,0.5648111992599709
Propane,50.0,summer,23,1.4056606786515764,0.5648111992599709
Propane,50.0,fall,0,1.0064117882791153,0.4486083994449782
Propane,50.0,fall,1,0.0,0.14999999999999997
Propane,50.0,fall,2,0.0,0.14999999999999997
Propane,50.0,fall,3,0.0,0.14999999999999997
Propane,50.0,fall,4,0.5731654721867012,0.38240559962998544
Propane,50.0,fall,5,1.6144000661543203,0.8722167988899564
Propane,50.0,fall,6,1.3054130023664259,0.7435139990749637
Propane,50.0,fall,7,1.4901196758261794,0.8847167988899565
Propane,50.0,fall,8,1.552617302998184,0.8847167988899565
Propane,50.0,fall,9,1.8824592653816874,1.0259195987049492
Propane,50.0,fall,10,1.6471800530625018,0.8847167988899565
Propane,50.0,fall,11,1.6015676511063728,0.8847167988899565
Propane,50.0,fall,12,1.6873460656443013,0.8847167988899565
Propane,50.0,fall,13,1.6726497872709607,0.8847167988899565
Propane,50.0,fall,14,1.6771899115772968,0.8847167988899565
Propane,50.0,fall,15,1.5655260966876103,0.8847167988899565
Propane,50.0,fall,16,1.6273188731046038,0.8847167988899565
Propane,50.0,fall,17,1.5949073125277358,0.8597167988899563
Propane,50.0,fall,18,1.4351390508631177,0.7310139990749637
Propane,50.0,fall,19,1.228258411031804,0.614811199259971
Propane,50.0,fall,20,1.2773938604413924,0.5898111992599709
Propane,50.0,fall,21,1.309352922920005,0.5898111992599709
Propane,50.0,fall,22,0.9857414236930435,0.4486083994449782
Propane,50.0,fall,23,1.3445964668703674,0.5648111992599709
R1234yf,30.0,winter,0,0.0,0.09999999999999999
R1234yf,30.0,winter,1,0.17120580115541717,0.18336222906791966
R1234yf,30.0,winter,2,0.3382065860565203,0.24172445813583926
R1234yf,30.0,winter,3,0.3375250723381796,0.2667244581358392
R1234yf,30.0,winter,4,0.2106315430392694,0.23614963875722617
R1234yf,30.0,winter,5,0.0,0.14999999999999997
R1234yf,30.0,winter,6,0.48539228431187176,0.40008668720375884
R1234yf,30.0,winter,7,0.6791977465871867,0.48344891627167846
R1234yf,30.0,winter,8,0.7162258300448343,0.48344891627167846
R1234yf,30.0,winter,9,0.7537271241881701,0.48344891627167846
R1234yf,30.0,winter,10,0.7745505826354211,0.48344891627167846
R1234yf,30.0,winter,11,0.7604603199646431,0.48344891627167846
R1234yf,30.0,winter,12,0.7306241454835469,0.48344891627167846
R1234yf,30.0,winter,13,0.7115642113192759,0.48344891627167846
R1234yf,30.0,winter,14,0.7266810250168559,0.48344891627167846
R1234yf,30.0,winter,15,0.7562475622411405,0.48344891627167846
R1234yf,30.0,winter,16,0.7508897658175087,0.48344891627167846
R1234yf,30.0,winter,17,0.6807025454943447,0.48344891627167846
R1234yf,30.0,winter,18,0.5216821687766542,0.41537409689306537
R1234yf,30.0,winter,19,0.21214104438654152,0.23614963875722617
R1234yf,30.0,winter,20,0.0,0.13749999999999996
R1234yf,30.0,winter,21,0.0,0.13749999999999996
R1234yf,30.0,winter,22,0.0,0.12499999999999996
R1234yf,30.0,winter,23,0.0,0.11249999999999996
R1234yf,30.0,spring,0,0.0,0.11249999999999999
R1234yf,30.0,spring,1,0.0,0.13749999999999996
R1234yf,30.0,spring,2,0.0,0.12499999999999996
R1234yf,30.0,spring,3,0.0,0.11249999999999996
R1234yf,30.0,spring,4,0.0,0.14999999999999997
R1234yf,30.0,spring,5,0.46982080481496774,0.40008668720375884
R1234yf,30.0,spring,6,0.6392841198277931,0.48344891627167846
R1234yf,30.0,spring,7,0.6776886396425087,0.48344891627167846
R1234yf,30.0,spring,8,0.715683375802046,0.48344891627167846
R1234yf,30.0,spring,9,0.7535125488831991,0.48344891627167846
R1234yf,30.0,spring,10,0.7744634945726443,0.48344891627167846
R1234yf,30.0,spring,11,0.7604513571746905,0.48344891627167846
R1234yf,30.0,spring,12,0.7306525035282505,0.48344891627167846
R1234yf,30.0,spring,13,0.7115862501539028,0.48344891627167846
R1234yf,30.0,spring,14,0.7266707111572234,0.48344891627167846
R1234yf,30.0,spring,15,0.7562152826536246,0.48344891627167846
R1234yf,30.0,spring,16,0.7508964649864007,0.48344891627167846
R1234yf,30.0,spring,17,0.6807844625706646,0.48344891627167846
R1234yf,30.0,spring,18,0.5303107392375377,0.41537409689306537
R1234yf,30.0,spring,19,0.4312700757576581,0.34729927751445233
R1234yf,30.0,spring,20,0.38015767638495757,0.30701186782514583
R1234yf,30.0,spring,21,0.32677235704741525,0.30422445813583926
R1234yf,30.0,spring,22,0.22360746039585394,0.22364963875722615
R1234yf,30.0,spring,23,0.11051861850969977,0.19307481937861307
R1234yf,30.0,summer,0,0.2897280218620112,0.2014370484465327
R1234yf,30.0,summer,1,0.40808651446399224,0.2820118678251458
R1234yf,30.0,summer,2,0.449680655472397,0.32229927751445236
R1234yf,30.0,summer,3,0.33890103493593626,0.25422445813583927
R1234yf,30.0,summer,4,0.5512992084556472,0.41537409689306537
R1234yf,30.0,summer,5,0.599845947448221,0.48344891627167846
R1234yf,30.0,summer,6,0.6275961005258683,0.48344891627167846
R1234yf,30.0,summer,7,0.6733623363509526,0.48344891627167846
R1234yf,30.0,summer,8,0.7140129753536596,0.48344891627167846
R1234yf,30.0,summer,9,0.7527626416128613,0.48344891627167846
R1234yf,30.0,summer,10,0.7741249312833867,0.48344891627167846
R1234yf,30.0,summer,11,0.7604415554710254,0.48344891627167846
R1234yf,30.0,summer,12,0.738130905958836,0.48344891627167846
R1234yf,30.0,summer,13,0.7538328535427438,0.48344891627167846
R1234yf,30.0,summer,14,0.7607582820150866,0.48344891627167846
R1234yf,30.0,summer,15,0.7657990552631074,0.48344891627167846
R1234yf,30.0,summer,16,0.7600281103633405,0.48344891627167846
R1234yf,30.0,summer,17,0.7495321059502814,0.48344891627167846
R1234yf,30.0,summer,18,0.7323184953349966,0.48344891627167846
R1234yf,30.0,summer,19,0.47927519974768173,0.32229927751445236
R1234yf,30.0,summer,20,0.5893280670730341,0.4028740968930654
R1234yf,30.0,summer,21,0.46590440076966544,0.32229927751445236
R1234yf,30.0,summer,22,0.46331998360360954,0.32229927751445236
R1234yf,30.0,summer,23,0.40489323794470794,0.2820118678251458
R1234yf,30.0,fall,0,0.11327574329252393,0.14307481937861305
R1234yf,30.0,fall,1,0.0,0.14999999999999997
R1234yf,30.0,fall,2,0.0,0.14999999999999997
R1234yf,30.0,fall,3,0.0,0.14999999999999997
R1234yf,30.0,fall,4,0.2665558086262334,0.2764370484465327
R1234yf,30.0,fall,5,0.623323776749283,0.48344891627167846
R1234yf,30.0,fall,6,0.6352990478761116,0.48344891627167846
R1234yf,30.0,fall,7,0.6762514229029657,0.48344891627167846
R1234yf,30.0,fall,8,0.7151458683783891,0.48344891627167846
R1234yf,30.0,fall,9,0.7532838482601669,0.48344891627167846
R1234yf,30.0,fall,10,0.774364574440191,0.48344891627167846
R1234yf,30.0,fall,11,0.7604459993700168,0.48344891627167846
R1234yf,30.0,fall,12,0.7306945482825983,0.48344891627167846
R1234yf,30.0,fall,13,0.7116179541583394,0.48344891627167846
R1234yf,30.0,fall,14,0.7266564639104751,0.48344891627167846
R1234yf,30.0,fall,15,0.7561699279268792,0.48344891627167846
R1234yf,30.0,fall,16,0.7509058045904584,0.48344891627167846
R1234yf,30.0,fall,17,0.6808997070634852,0.48344891627167846
R1234yf,30.0,fall,18,0.5324900882357452,0.41537409689306537
R1234yf,30.0,fall,19,0.43258899157493613,0.34729927751445233
R1234yf,30.0,fall,20,0.4337238120723962,0.3472992775144524
R1234yf,30.0,fall,21,0.32818210056992925,0.2792244581358393
R1234yf,30.0,fall,22,0.33053335701961906,0.30422445813583926
R1234yf,30.0,fall,23,0.3351014882928355,0.2667244581358393
R1234yf,40.0,winter,0,0.0,0.09999999999999999
R1234yf,40.0,winter,1,0.23233249638424663,0.20574412333975656
R1234yf,40.0,winter,2,0.0,0.09999999999999999
R1234yf,40.0,winter,3,0.0,0.09999999999999999
R1234yf,40.0,winter,4,0.20797969939779717,0.2307441233397565
R1234yf,40.0,winter,5,0.0,0.14999999999999997
R1234yf,40.0,winter,6,0.4930662006639253,0.4206103083493914
R1234yf,40.0,winter,7,0.8108291229318625,0.5979764933590263
R1234yf,40.0,winter,8,0.8002182231566346,0.5979764933590263
R1234yf,40.0,winter,9,0.8093492933508197,0.5979764933590263
R1234yf,40.0,winter,10,0.8972062611791,0.6570985550289046
R1234yf,40.0,winter,11,0.826297768885437,0.5979764933590263
R1234yf,40.0,winter,12,0.8238762287030268,0.5979764933590263
R1234yf,40.0,winter,13,0.8075985696966343,0.5979764933590263
R1234yf,40.0,winter,14,0.8141139966272184,0.5979764933590263
R1234yf,40.0,winter,15,0.9145107175226264,0.6695985550289045
R1234yf,40.0,winter,16,0.7954781390317192,0.5979764933590263
R1234yf,40.0,winter,17,0.6210662084644472,0.46723237001926965
R1234yf,40.0,winter,18,0.30676765897251235,0.30236618500963475
R1234yf,40.0,winter,19,0.0,0.14999999999999997
R1234yf,40.0,winter,20,0.0,0.13749999999999996
R1234yf,40.0,winter,21,0.0,0.13749999999999996
R1234yf,40.0,winter,22,0.0,0.12499999999999996
R1234yf,40.0,winter,23,0.0,0.11249999999999996
R1234yf,40.0,spring,0,0.0,0.11249999999999999
R1234yf,40.0,spring,1,0.0,0.13749999999999996
R1234yf,40.0,spring,2,0.0,0.12499999999999996
R1234yf,40.0,spring,3,0.0,0.11249999999999996
R1234yf,40.0,spring,4,0.0,0.14999999999999997
R1234yf,40.0,spring,5,0.5090512590468871,0.4206103083493914
R1234yf,40.0,spring,6,0.8010747285580155,0.5979764933590263
R1234yf,40.0,spring,7,0.813345906844174,0.5979764933590263
R1234yf,40.0,spring,8,0.8287263437051591,0.5979764933590263
R1234yf,40.0,spring,9,0.7999787975340167,0.5979764933590263
R1234yf,40.0,spring,10,1.0489475533938617,0.7287206166987829
R1234yf,40.0,spring,11,0.8625232289460572,0.5979764933590263
R1234yf,40.0,spring,12,0.8218869978525977,0.5979764933590263
R1234yf,40.0,spring,13,1.0309831171764163,0.7287206166987829
R1234yf,40.0,spring,14,0.8477247740763311,0.5979764933590263
R1234yf,40.0,spring,15,0.8068102945305401,0.5979764933590263
R1234yf,40.0,spring,16,0.9257291467525263,0.6570985550289046
R1234yf,40.0,spring,17,0.7460999364069669,0.5388544316891479
R1234yf,40.0,spring,18,0.6158195928403646,0.46723237001926965
R1234yf,40.0,spring,19,0.6446582074677916,0.4422323700192696
R1234yf,40.0,spring,20,0.6643567896027128,0.4297323700192697
R1234yf,40.0,spring,21,0.6575189025563531,0.4297323700192697
R1234yf,40.0,spring,22,0.23018509629555256,0.24324412333975653
R1234yf,40.0,spring,23,0.0,0.14999999999999997
R1234yf,40.0,summer,0,0.4732635334510407,0.2864882466795131
R1234yf,40.0,summer,1,0.587620727335227,0.3581103083493914
R1234yf,40.0,summer,2,0.580869334492105,0.3581103083493914
R1234yf,40.0,summer,3,0.5560609732849159,0.37061030834939135
R1234yf,40.0,summer,4,0.7635186242639191,0.5388544316891479
R1234yf,40.0,summer,5,0.7251235648913965,0.526354431689148
R1234yf,40.0,summer,6,0.8390621782367395,0.5979764933590263
R1234yf,40.0,summer,7,0.9629048004961831,0.6695985550289045
R1234yf,40.0,summer,8,0.8572553508455429,0.5854764933590262
R1234yf,40.0,summer,9,1.085000739413402,0.7162206166987828
R1234yf,40.0,summer,10,1.0954516281550681,0.7162206166987828
R1234yf,40.0,summer,11,0.9215904075420901,0.5729764933590262
R1234yf,40.0,summer,12,1.1650728787026852,0.7162206166987828
R1234yf,40.0,summer,13,1.0642268150470824,0.6445985550289045
R1234yf,40.0,summer,14,1.0881272089077965,0.6445985550289045
R1234yf,40.0,summer,15,1.1960083572420812,0.7162206166987828
R1234yf,40.0,summer,16,1.191884660603311,0.7162206166987828
R1234yf,40.0,summer,17,0.9533819360271135,0.5729764933590262
R1234yf,40.0,summer,18,0.9522273987701296,0.5729764933590262
R1234yf,40.0,summer,19,0.7025809959572978,0.4297323700192697
R1234yf,40.0,summer,20,0.7113579705696536,0.4297323700192697
R1234yf,40.0,summer,21,0.6985954185831386,0.4297323700192697
R1234yf,40.0,summer,22,0.7039226972462639,0.4297323700192697
R1234yf,40.0,summer,23,0.6992454264817393,0.4297323700192697
R1234yf,40.0,fall,0,0.11773108116827277,0.15912206166987822
R1234yf,40.0,fall,1,0.0,0.14999999999999997
R1234yf,40.0,fall,2,0.0,0.14999999999999997
R1234yf,40.0,fall,3,0.0,0.14999999999999997
R1234yf,40.0,fall,4,0.42366338271280946,0.3489882466795131
R1234yf,40.0,fall,5,0.7230747906588484,0.5388544316891479
R1234yf,40.0,fall,6,0.8048260508924328,0.5979764933590263
R1234yf,40.0,fall,7,0.8121446901775344,0.5979764933590263
R1234yf,40.0,fall,8,0.8336541386424307,0.5979764933590263
R1234yf,40.0,fall,9,0.7994328570123823,0.5979764933590263
R1234yf,40.0,fall,10,1.0409268031489516,0.7287206166987829
R1234yf,40.0,fall,11,0.8511669776354909,0.5979764933590263
R1234yf,40.0,fall,12,0.8103721882802497,0.5979764933590263
R1234yf,40.0,fall,13,0.9418796691183214,0.6570985550289046
R1234yf,40.0,fall,14,0.9449677512028718,0.6695985550289045
R1234yf,40.0,fall,15,0.8247601224309524,0.5979764933590263
R1234yf,40.0,fall,16,0.8173470744507356,0.5979764933590263
R1234yf,40.0,fall,17,0.8381476174084324,0.5979764933590263
R1234yf,40.0,fall,18,0.619639464311461,0.46723237001926965
R1234yf,40.0,fall,19,0.6455276558866818,0.45473237001926964
R1234yf,40.0,fall,20,0.6461530032758951,0.4297323700192697
R1234yf,40.0,fall,21,0.5504986393065205,0.3831103083493914
R1234yf,40.0,fall,22,0.5558643138618002,0.3831103083493913
R1234yf,40.0,fall,23,0.35118814446587865,0.2898661850096348
R1234yf,50.0,winter,0,0.0,0.09999999999999999
R1234yf,50.0,winter,1,0.22493580215867015,0.17440947135918483
R1234yf,50.0,winter,2,0.2259082192546022,0.19940947135918485
R1234yf,50.0,winter,3,0.0,0.09999999999999999
R1234yf,50.0,winter,4,0.18938174911633043,0.21190947135918484
R1234yf,50.0,winter,5,0.0,0.14999999999999997
R1234yf,50.0,winter,6,0.8408716780679495,0.6220473567959242
R1234yf,50.0,winter,7,0.8597887894599345,0.5970473567959242
R1234yf,50.0,winter,8,1.0331793325870073,0.7089568281551091
R1234yf,50.0,winter,9,1.218661821660501,0.8208662995142939
R1234yf,50.0,winter,10,1.0575849373860464,0.7089568281551091
R1234yf,50.0,winter,11,1.025495169081493,0.7089568281551091
R1234yf,50.0,winter,12,1.0932380043425987,0.7089568281551091
R1234yf,50.0,winter,13,1.0795514419446919,0.7089568281551091
R1234yf,50.0,winter,14,1.2324902357053578,0.8083662995142938
R1234yf,50.0,winter,15,1.2072878952097204,0.8208662995142939
R1234yf,50.0,winter,16,1.032442820820218,0.7089568281551091
R1234yf,50.0,winter,17,0.8686092282941452,0.5970473567959242
R1234yf,50.0,winter,18,1.1181235115431596,0.6714568281551091
R1234yf,50.0,winter,19,0.562327839831833,0.3982284140775546
R1234yf,50.0,winter,20,0.0,0.13749999999999996
R1234yf,50.0,winter,21,0.0,0.13749999999999996
R1234yf,50.0,winter,22,0.0,0.12499999999999996
R1234yf,50.0,winter,23,0.0,0.11249999999999996
R1234yf,50.0,spring,0,0.0,0.11249999999999999
R1234yf,50.0,spring,1,0.0,0.13749999999999996
R1234yf,50.0,spring,2,0.0,0.12499999999999996
R1234yf,50.0,spring,3,0.0,0.11249999999999996
R1234yf,50.0,spring,4,0.0,0.14999999999999997
R1234yf,50.0,spring,5,0.6920046422190388,0.5101378854367393
R1234yf,50.0,spring,6,1.016936767966979,0.7089568281551091
R1234yf,50.0,spring,7,1.0396407659729228,0.7089568281551091
R1234yf,50.0,spring,8,1.2406628193806082,0.8208662995142939
R1234yf,50.0,spring,9,1.1980037432553678,0.8083662995142938
R1234yf,50.0,spring,10,1.2605358477910475,0.8208662995142939
R1234yf,50.0,spring,11,1.391139464521805,0.9202757708734788
R1234yf,50.0,spring,12,1.0963951137707855,0.7089568281551091
R1234yf,50.0,spring,13,1.2251971689989487,0.808366299514294
R1234yf,50.0,spring,14,1.26209464375616,0.8208662995142939
R1234yf,50.0,spring,15,1.348685816993474,0.9202757708734788
R1234yf,50.0,spring,16,1.0699304697455918,0.7089568281551091
R1234yf,50.0,spring,17,1.0614945907133264,0.7089568281551091
R1234yf,50.0,spring,18,1.091108067305464,0.6714568281551091
R1234yf,50.0,spring,19,0.7585653815576464,0.4851378854367394
R1234yf,50.0,spring,20,0.8142337918904312,0.49763788543673937
R1234yf,50.0,spring,21,0.6000874590530547,0.38572841407755454
R1234yf,50.0,spring,22,0.4204977091475105,0.31131894271836963
R1234yf,50.0,spring,23,0.0,0.14999999999999997
R1234yf,50.0,summer,0,0.6512637468370628,0.33572841407755455
R1234yf,50.0,summer,1,0.9068459376783027,0.4476378854367394
R1234yf,50.0,summer,2,0.9132480054797123,0.4476378854367394
R1234yf,50.0,summer,3,1.0638319360032344,0.6095473567959242
R1234yf,50.0,summer,4,0.9536839568372033,0.5845473567959242
R1234yf,50.0,summer,5,1.1041949829386883,0.7089568281551091
R1234yf,50.0,summer,6,1.1099428391314714,0.7089568281551091
R1234yf,50.0,summer,7,1.3949905446651931,0.9202757708734788
R1234yf,50.0,summer,8,1.1024833257071185,0.6714568281551091
R1234yf,50.0,summer,9,1.5351900841180535,0.8952757708734788
R1234yf,50.0,summer,10,1.5149619881476757,0.8952757708734788
R1234yf,50.0,summer,11,1.5577421682319716,0.8952757708734788
R1234yf,50.0,summer,12,1.1957789759035486,0.6714568281551091
R1234yf,50.0,summer,13,1.637693530838797,0.8952757708734788
R1234yf,50.0,summer,14,1.6347981131303277,0.8952757708734788
R1234yf,50.0,summer,15,1.610021112367945,0.8952757708734788
R1234yf,50.0,summer,16,1.6206455659763246,0.8952757708734788
R1234yf,50.0,summer,17,1.2339738402300848,0.6714568281551091
R1234yf,50.0,summer,18,1.2472887005978683,0.6714568281551091
R1234yf,50.0,summer,19,1.2533186442209043,0.6714568281551091
R1234yf,50.0,summer,20,1.0395649061167211,0.5595473567959242
R1234yf,50.0,summer,21,1.0461450451238385,0.5595473567959242
R1234yf,50.0,summer,22,0.8278691074639339,0.4476378854367394
R1234yf,50.0,summer,23,1.0510542811108303,0.5595473567959242
R1234yf,50.0,fall,0,0.6554432011367352,0.3607284140775545
R1234yf,50.0,fall,1,0.22545535589375454,0.2119094713591848
R1234yf,50.0,fall,2,0.0,0.14999999999999997
R1234yf,50.0,fall,3,0.0,0.14999999999999997
R1234yf,50.0,fall,4,0.5622086217813782,0.4232284140775545
R1234yf,50.0,fall,5,0.8852340809917876,0.5970473567959242
R1234yf,50.0,fall,6,1.0337821733110633,0.7089568281551091
R1234yf,50.0,fall,7,1.2248984618355239,0.8208662995142939
R1234yf,50.0,fall,8,1.0603630951899001,0.7089568281551091
R1234yf,50.0,fall,9,1.3443907966927517,0.9202757708734788
R1234yf,50.0,fall,10,1.045809245417885,0.7089568281551091
R1234yf,50.0,fall,11,1.4083983589216698,0.9202757708734788
R1234yf,50.0,fall,12,1.0698441694098784,0.7089568281551091
R1234yf,50.0,fall,13,1.411651425151666,0.9202757708734788
R1234yf,50.0,fall,14,1.0943623019412914,0.7089568281551091
R1234yf,50.0,fall,15,1.35945741817097,0.9202757708734788
R1234yf,50.0,fall,16,1.0802153407729684,0.7089568281551091
R1234yf,50.0,fall,17,1.0784905206805344,0.7089568281551091
R1234yf,50.0,fall,18,1.104622011452957,0.6714568281551091
R1234yf,50.0,fall,19,0.7679421714234547,0.4851378854367394
R1234yf,50.0,fall,20,0.8095726570115299,0.4976378854367394
R1234yf,50.0,fall,21,0.6167023052636591,0.4107284140775545
R1234yf,50.0,fall,22,0.8473439469896775,0.4851378854367394
R1234yf,50.0,fall,23,0.6454838409700179,0.37322841407755447
DimethylEther,30.0,winter,0,0.0,0.09999999999999999
DimethylEther,30.0,winter,1,0.15587821276578365,0.18091752615049123
DimethylEther,30.0,winter,2,0.0,0.09999999999999999
DimethylEther,30.0,winter,3,0.0,0.09999999999999999
DimethylEther,30.0,winter,4,0.2866350174836758,0.2868350523009824
DimethylEther,30.0,winter,5,0.5496430327021204,0.4736701046019648
DimethylEther,30.0,winter,6,0.5972368067361579,0.4736701046019648
DimethylEther,30.0,winter,7,0.6451750597399499,0.4736701046019648
DimethylEther,30.0,winter,8,0.6824647422246073,0.4736701046019648
DimethylEther,30.0,winter,9,0.7159746214880022,0.4736701046019648
DimethylEther,30.0,winter,10,0.7326623323056013,0.4736701046019648
DimethylEther,30.0,winter,11,0.7181918142901875,0.4736701046019648
DimethylEther,30.0,winter,12,0.6915357459315606,0.4736701046019648
DimethylEther,30.0,winter,13,0.6760228816608571,0.4736701046019648
DimethylEther,30.0,winter,14,0.6911294492114142,0.4736701046019648
DimethylEther,30.0,winter,15,0.7175505880738664,0.4736701046019648
DimethylEther,30.0,winter,16,0.710541328449582,0.4736701046019648
DimethylEther,30.0,winter,17,0.6463789089297751,0.4736701046019648
DimethylEther,30.0,winter,18,0.48120328534537166,0.4072250871683041
DimethylEther,30.0,winter,19,0.19140940461613565,0.2453900348673216
DimethylEther,30.0,winter,20,0.0,0.13749999999999996
DimethylEther,30.0,winter,21,0.0,0.13749999999999996
DimethylEther,30.0,winter,22,0.0,0.12499999999999996
DimethylEther,30.0,winter,23,0.0,0.11249999999999996
DimethylEther,30.0,spring,0,0.0,0.11249999999999999
DimethylEther,30.0,spring,1,0.0,0.13749999999999996
DimethylEther,30.0,spring,2,0.0,0.12499999999999996
DimethylEther,30.0,spring,3,0.0,0.11249999999999996
DimethylEther,30.0,spring,4,0.0,0.14999999999999997
DimethylEther,30.0,spring,5,0.4359103786564331,0.3927525784514736
DimethylEther,30.0,spring,6,0.6082337106003839,0.4736701046019648
DimethylEther,30.0,spring,7,0.6485993715727638,0.4736701046019648
DimethylEther,30.0,spring,8,0.6834426497065637,0.4736701046019648
DimethylEther,30.0,spring,9,0.7162281823614183,0.4736701046019648
DimethylEther,30.0,spring,10,0.7327253270182625,0.4736701046019648
DimethylEther,30.0,spring,11,0.718218922415201,0.4736701046019648
DimethylEther,30.0,spring,12,0.6915585669929604,0.4736701046019648
DimethylEther,30.0,spring,13,0.6760346290857814,0.4736701046019648
DimethylEther,30.0,spring,14,0.6911227550500915,0.4736701046019648
DimethylEther,30.0,spring,15,0.7175339214566168,0.4736701046019648
DimethylEther,30.0,spring,16,0.7105477849410984,0.4736701046019648
DimethylEther,30.0,spring,17,0.646423345524372,0.4736701046019648
DimethylEther,30.0,spring,18,0.4831537138918889,0.4072250871683041
DimethylEther,30.0,spring,19,0.4861303242463749,0.40722508716830397
DimethylEther,30.0,spring,20,0.34609156662391394,0.3138075610178128
DimethylEther,30.0,spring,21,0.29813636071805505,0.27433505230098243
DimethylEther,30.0,spring,22,0.1495594303835427,0.21841752615049118
DimethylEther,30.0,spring,23,0.0,0.14999999999999997
DimethylEther,30.0,summer,0,0.31380268346754014,0.2368350523009824
DimethylEther,30.0,summer,1,0.3175843953036522,0.2368350523009824
DimethylEther,30.0,summer,2,0.426062852745685,0.31578006973464323
DimethylEther,30.0,summer,3,0.4095290956834377,0.3282800697346432
DimethylEther,30.0,summer,4,0.48341953270566124,0.40722508716830397
DimethylEther,30.0,summer,5,0.5229370969384106,0.40722508716830397
DimethylEther,30.0,summer,6,0.6223734543455037,0.4736701046019648
DimethylEther,30.0,summer,7,0.6527231166794452,0.4736701046019648
DimethylEther,30.0,summer,8,0.6844638076803831,0.4736701046019648
DimethylEther,30.0,summer,9,0.7163426408202622,0.4736701046019648
DimethylEther,30.0,summer,10,0.7326909676790412,0.4736701046019648
DimethylEther,30.0,summer,11,0.7183114935987214,0.4736701046019648
DimethylEther,30.0,summer,12,0.6932416339197018,0.4736701046019648
DimethylEther,30.0,summer,13,0.6974823877128633,0.4736701046019648
DimethylEther,30.0,summer,14,0.7060220235839184,0.4736701046019648
DimethylEther,30.0,summer,15,0.719547947506583,0.4736701046019648
DimethylEther,30.0,summer,16,0.7122700597926681,0.4736701046019648
DimethylEther,30.0,summer,17,0.6948693982522347,0.4736701046019648
DimethylEther,30.0,summer,18,0.682406254111926,0.4736701046019648
DimethylEther,30.0,summer,19,0.5524818229748515,0.394725087168304
DimethylEther,30.0,summer,20,0.43398159945788106,0.31578006973464323
DimethylEther,30.0,summer,21,0.47818347040316156,0.3552525784514736
DimethylEther,30.0,summer,22,0.4249553109689573,0.3157800697346432
DimethylEther,30.0,summer,23,0.4249019725350871,0.3157800697346432
DimethylEther,30.0,fall,0,0.2571268920183892,0.22236254358415203
DimethylEther,30.0,fall,1,0.049258476899643834,0.1644725087168304
DimethylEther,30.0,fall,2,0.0,0.14999999999999997
DimethylEther,30.0,fall,3,0.0,0.14999999999999997
DimethylEther,30.0,fall,4,0.28343176198884,0.2993350523009824
DimethylEther,30.0,fall,5,0.54569229674967,0.44669759588513447
DimethylEther,30.0,fall,6,0.611869241739484,0.4736701046019648
DimethylEther,30.0,fall,7,0.6496679313307807,0.4736701046019648
DimethylEther,30.0,fall,8,0.6837092114739801,0.4736701046019648
DimethylEther,30.0,fall,9,0.7162611695735046,0.4736701046019648
DimethylEther,30.0,fall,10,0.7327186007598314,0.4736701046019648
DimethylEther,30.0,fall,11,0.7182415325203355,0.4736701046019648
DimethylEther,30.0,fall,12,0.6916008892078529,0.4736701046019648
DimethylEther,30.0,fall,13,0.6760590767546688,0.4736701046019648
DimethylEther,30.0,fall,14,0.6911068958875726,0.4736701046019648
DimethylEther,30.0,fall,15,0.7174956923751796,0.4736701046019648
DimethylEther,30.0,fall,16,0.7105623962388714,0.4736701046019648
DimethylEther,30.0,fall,17,0.6465247663812269,0.4736701046019648
DimethylEther,30.0,fall,18,0.4837555004118331,0.4072250871683041
DimethylEther,30.0,fall,19,0.49031924295523177,0.40722508716830397
DimethylEther,30.0,fall,20,0.3905276640840192,0.34078006973464325
DimethylEther,30.0,fall,21,0.2992304310460315,0.2743350523009824
DimethylEther,30.0,fall,22,0.2996310472489415,0.28683505230098244
DimethylEther,30.0,fall,23,0.3005760349281759,0.2868350523009824
DimethylEther,40.0,winter,0,0.0,0.09999999999999999
DimethylEther,40.0,winter,1,0.21001904095230534,0.20284669765984137
DimethylEther,40.0,winter,2,0.0,0.09999999999999999
DimethylEther,40.0,winter,3,0.0,0.09999999999999999
DimethylEther,40.0,winter,4,0.18881678055805798,0.22784669765984136
DimethylEther,40.0,winter,5,0.0,0.14999999999999997
DimethylEther,40.0,winter,6,0.5348886431425308,0.4710400929795242
DimethylEther,40.0,winter,7,0.6325908144952821,0.5287134418094449
DimethylEther,40.0,winter,8,0.8202420857965045,0.6440601394692862
DimethylEther,40.0,winter,9,0.8404133777101874,0.6565601394692863
DimethylEther,40.0,winter,10,0.7141371373025797,0.5863867906393656
DimethylEther,40.0,winter,11,0.9206621149703527,0.714233488299207
DimethylEther,40.0,winter,12,0.7510017572146689,0.5863867906393656
DimethylEther,40.0,winter,13,0.7382353104051413,0.5863867906393656
DimethylEther,40.0,winter,14,0.724460092048814,0.5863867906393656
DimethylEther,40.0,winter,15,0.9016312900589335,0.714233488299207
DimethylEther,40.0,winter,16,0.7396222685593707,0.5863867906393656
DimethylEther,40.0,winter,17,0.5536427395269274,0.45854009297952425
DimethylEther,40.0,winter,18,0.37035908856556254,0.3556933953196828
DimethylEther,40.0,winter,19,0.0,0.14999999999999997
DimethylEther,40.0,winter,20,0.0,0.13749999999999996
DimethylEther,40.0,winter,21,0.0,0.13749999999999996
DimethylEther,40.0,winter,22,0.0,0.12499999999999996
DimethylEther,40.0,winter,23,0.0,0.11249999999999996
DimethylEther,40.0,spring,0,0.0,0.11249999999999999
DimethylEther,40.0,spring,1,0.0,0.13749999999999996
DimethylEther,40.0,spring,2,0.0,0.12499999999999996
DimethylEther,40.0,spring,3,0.0,0.11249999999999996
DimethylEther,40.0,spring,4,0.0,0.14999999999999997
DimethylEther,40.0,spring,5,0.45128330146878615,0.4133667441496035
DimethylEther,40.0,spring,6,0.7294012259196645,0.5863867906393656
DimethylEther,40.0,spring,7,0.7369362729547604,0.5863867906393656
DimethylEther,40.0,spring,8,0.9131758203583191,0.714233488299207
DimethylEther,40.0,spring,9,0.7725509429208041,0.5863867906393656
DimethylEther,40.0,spring,10,0.9286345762581252,0.714233488299207
DimethylEther,40.0,spring,11,0.765362106265219,0.5863867906393656
DimethylEther,40.0,spring,12,0.9309851049084431,0.714233488299207
DimethylEther,40.0,spring,13,0.7843693705348086,0.5863867906393656
DimethylEther,40.0,spring,14,0.8180677031609067,0.6440601394692862
DimethylEther,40.0,spring,15,0.8660177473329985,0.6565601394692863
DimethylEther,40.0,spring,16,0.7283885740006237,0.5863867906393656
DimethylEther,40.0,spring,17,0.759677571448025,0.5863867906393656
DimethylEther,40.0,spring,18,0.5675273932314724,0.45854009297952425
DimethylEther,40.0,spring,19,0.5806041838114597,0.45854009297952414
DimethylEther,40.0,spring,20,0.5945796593184804,0.4460400929795242
DimethylEther,40.0,spring,21,0.6005278032185792,0.4210400929795242
DimethylEther,40.0,spring,22,0.3979633803811291,0.30569339531968276
DimethylEther,40.0,spring,23,0.0,0.14999999999999997
DimethylEther,40.0,summer,0,0.5350366783940452,0.3508667441496035
DimethylEther,40.0,summer,1,0.5268245591815822,0.3508667441496035
DimethylEther,40.0,summer,2,0.6339350421700327,0.43354009297952417
DimethylEther,40.0,summer,3,0.5140448027826224,0.36336674414960346
DimethylEther,40.0,summer,4,0.5755266552513949,0.4460400929795242
DimethylEther,40.0,summer,5,0.7632298255566405,0.5863867906393656
DimethylEther,40.0,summer,6,0.7517535827659496,0.5863867906393656
DimethylEther,40.0,summer,7,0.9672850918201741,0.714233488299207
DimethylEther,40.0,summer,8,0.7849349947521953,0.5863867906393656
DimethylEther,40.0,summer,9,0.9961091749422116,0.701733488299207
DimethylEther,40.0,summer,10,1.0086655129475048,0.701733488299207
DimethylEther,40.0,summer,11,1.037637434769295,0.701733488299207
DimethylEther,40.0,summer,12,0.8719050172172996,0.5613867906393656
DimethylEther,40.0,summer,13,1.1063679904113264,0.701733488299207
DimethylEther,40.0,summer,14,1.1122517615754552,0.701733488299207
DimethylEther,40.0,summer,15,1.1047463130036637,0.701733488299207
DimethylEther,40.0,summer,16,1.1015417176874602,0.701733488299207
DimethylEther,40.0,summer,17,0.8904064374856887,0.5613867906393656
DimethylEther,40.0,summer,18,0.8796722626053441,0.5613867906393656
DimethylEther,40.0,summer,19,0.649257433979882,0.4210400929795242
DimethylEther,40.0,summer,20,0.6460339704329826,0.4210400929795242
DimethylEther,40.0,summer,21,0.6446699014209887,0.4210400929795242
DimethylEther,40.0,summer,22,0.6350696969929857,0.4210400929795242
DimethylEther,40.0,summer,23,0.6409993191407947,0.4210400929795242
DimethylEther,40.0,fall,0,0.306390064277387,0.26052004648976207
DimethylEther,40.0,fall,1,0.0,0.14999999999999997
DimethylEther,40.0,fall,2,0.0,0.14999999999999997
DimethylEther,40.0,fall,3,0.0,0.14999999999999997
DimethylEther,40.0,fall,4,0.37262433956773133,0.3681933953196828
DimethylEther,40.0,fall,5,0.5666597533724441,0.45854009297952425
DimethylEther,40.0,fall,6,0.7265589948532756,0.5863867906393656
DimethylEther,40.0,fall,7,0.7267540983014487,0.5863867906393656
DimethylEther,40.0,fall,8,0.9339563187573274,0.714233488299207
DimethylEther,40.0,fall,9,0.7525215566696439,0.5863867906393656
DimethylEther,40.0,fall,10,0.9387097795956072,0.714233488299207
DimethylEther,40.0,fall,11,0.734436364693246,0.5863867906393656
DimethylEther,40.0,fall,12,0.9537876541520636,0.714233488299207
DimethylEther,40.0,fall,13,0.7801556209539431,0.5863867906393656
DimethylEther,40.0,fall,14,0.8141855308944052,0.6440601394692862
DimethylEther,40.0,fall,15,0.8657798430871387,0.6565601394692863
DimethylEther,40.0,fall,16,0.7309963978790256,0.5863867906393656
DimethylEther,40.0,fall,17,0.767533493646687,0.5863867906393656
DimethylEther,40.0,fall,18,0.5767264529390126,0.45854009297952425
DimethylEther,40.0,fall,19,0.5880533865210926,0.4460400929795242
DimethylEther,40.0,fall,20,0.593198504967882,0.43354009297952417
DimethylEther,40.0,fall,21,0.6021808389843551,0.4210400929795242
DimethylEther,40.0,fall,22,0.5988696895374526,0.4210400929795242
DimethylEther,40.0,fall,23,0.4001295347502066,0.3306933953196828
DimethylEther,50.0,winter,0,0.0,0.09999999999999999
DimethylEther,50.0,winter,1,0.20167042466311616,0.18464585754675114
DimethylEther,50.0,winter,2,0.0,0.09999999999999999
DimethylEther,50.0,winter,3,0.0,0.09999999999999999
DimethylEther,50.0,winter,4,0.17065905406262785,0.20964585754675108
DimethylEther,50.0,winter,5,0.0,0.14999999999999997
DimethylEther,50.0,winter,6,0.7684614966713769,0.6107292877337557
DimethylEther,50.0,winter,7,0.9062975616534011,0.6953751452805068
DimethylEther,50.0,winter,8,0.952229451499764,0.6953751452805068
DimethylEther,50.0,winter,9,0.9181910817530429,0.6953751452805068
DimethylEther,50.0,winter,10,1.2480419025138805,0.902166860374009
DimethylEther,50.0,winter,11,0.9624699953607159,0.6953751452805068
DimethylEther,50.0,winter,12,0.9265753639841812,0.6953751452805068
DimethylEther,50.0,winter,13,1.1120737743722333,0.7925210028272579
DimethylEther,50.0,winter,14,1.0776057817119016,0.805021002827258
DimethylEther,50.0,winter,15,0.9479569429355191,0.6953751452805068
DimethylEther,50.0,winter,16,0.9200959683870483,0.6953751452805068
DimethylEther,50.0,winter,17,0.9586926387610317,0.6953751452805068
DimethylEther,50.0,winter,18,0.48563080587314983,0.40393757264025354
DimethylEther,50.0,winter,19,0.0,0.14999999999999997
DimethylEther,50.0,winter,20,0.0,0.13749999999999996
DimethylEther,50.0,winter,21,0.0,0.13749999999999996
DimethylEther,50.0,winter,22,0.0,0.12499999999999996
DimethylEther,50.0,winter,23,0.0,0.11249999999999996
DimethylEther,50.0,spring,0,0.0,0.11249999999999999
DimethylEther,50.0,spring,1,0.0,0.13749999999999996
DimethylEther,50.0,spring,2,0.0,0.12499999999999996
DimethylEther,50.0,spring,3,0.0,0.11249999999999996
DimethylEther,50.0,spring,4,0.0,0.14999999999999997
DimethylEther,50.0,spring,5,0.7719318499046988,0.6107292877337557
DimethylEther,50.0,spring,6,0.9038267962579194,0.6953751452805068
DimethylEther,50.0,spring,7,0.9652833480368811,0.6953751452805068
DimethylEther,50.0,spring,8,0.9417378566701662,0.6953751452805068
DimethylEther,50.0,spring,9,1.297383065587531,0.902166860374009
DimethylEther,50.0,spring,10,1.1330889044181158,0.7925210028272579
DimethylEther,50.0,spring,11,1.1745017485269855,0.805021002827258
DimethylEther,50.0,spring,12,1.2726624695441835,0.902166860374009
DimethylEther,50.0,spring,13,0.9481821651512246,0.6953751452805068
DimethylEther,50.0,spring,14,1.2793087329475656,0.902166860374009
DimethylEther,50.0,spring,15,1.0937963016323233,0.7925210028272579
DimethylEther,50.0,spring,16,1.137411034412589,0.805021002827258
DimethylEther,50.0,spring,17,0.9488321082946805,0.6953751452805068
DimethylEther,50.0,spring,18,0.9868937037929133,0.6828751452805069
DimethylEther,50.0,spring,19,0.6874507952347991,0.4635834301870046
DimethylEther,50.0,spring,20,0.5439820876348536,0.4039375726402535
DimethylEther,50.0,spring,21,0.5498393433568792,0.4164375726402534
DimethylEther,50.0,spring,22,0.3800698985631127,0.29429171509350227
DimethylEther,50.0,spring,23,0.0,0.14999999999999997
DimethylEther,50.0,summer,0,0.5891873815687818,0.32893757264025336
DimethylEther,50.0,summer,1,0.7886827654323232,0.4385834301870045
DimethylEther,50.0,summer,2,0.9912976952154292,0.5482292877337557
DimethylEther,50.0,summer,3,0.7591401450771196,0.4635834301870046
DimethylEther,50.0,summer,4,0.8746155546447151,0.5857292877337557
DimethylEther,50.0,summer,5,1.0020264413577067,0.6953751452805068
DimethylEther,50.0,summer,6,1.2982172829478165,0.902166860374009
DimethylEther,50.0,summer,7,1.101484332492373,0.7925210028272579
DimethylEther,50.0,summer,8,1.1959005414249217,0.7925210028272579
DimethylEther,50.0,summer,9,1.3383378041033769,0.8771668603740089
DimethylEther,50.0,summer,10,1.3818964876296111,0.8771668603740089
DimethylEther,50.0,summer,11,1.4232343431346202,0.877166860374009
DimethylEther,50.0,summer,12,1.4584637518813257,0.877166860374009
DimethylEther,50.0,summer,13,1.3071744763350701,0.767521002827258
DimethylEther,50.0,summer,14,1.488698967369463,0.877166860374009
DimethylEther,50.0,summer,15,1.48968181228355,0.877166860374009
DimethylEther,50.0,summer,16,1.3093818672213344,0.767521002827258
DimethylEther,50.0,summer,17,1.523310455012954,0.8771668603740089
DimethylEther,50.0,summer,18,1.1450927533943314,0.6578751452805068
DimethylEther,50.0,summer,19,1.1310468095878976,0.6578751452805068
DimethylEther,50.0,summer,20,0.9584233849269094,0.5482292877337557
DimethylEther,50.0,summer,21,0.9448278448429805,0.5482292877337557
DimethylEther,50.0,summer,22,0.7641496964392034,0.4385834301870045
DimethylEther,50.0,summer,23,0.9589336822853884,0.5482292877337557
DimethylEther,50.0,fall,0,0.38893572704026513,0.25679171509350224
DimethylEther,50.0,fall,1,0.0,0.14999999999999997
DimethylEther,50.0,fall,2,0.0,0.14999999999999997
DimethylEther,50.0,fall,3,0.0,0.14999999999999997
DimethylEther,50.0,fall,4,0.5093833197387403,0.4164375726402534
DimethylEther,50.0,fall,5,0.9526336102977321,0.6828751452805069
DimethylEther,50.0,fall,6,0.9413210985969177,0.6953751452805068
DimethylEther,50.0,fall,7,0.9305215484392084,0.6953751452805068
DimethylEther,50.0,fall,8,1.256136357318569,0.902166860374009
DimethylEther,50.0,fall,9,1.0846176863074128,0.7925210028272579
DimethylEther,50.0,fall,10,1.15648943570268,0.805021002827258
DimethylEther,50.0,fall,11,1.2744248957090434,0.902166860374009
DimethylEther,50.0,fall,12,0.952058238468025,0.6953751452805068
DimethylEther,50.0,fall,13,1.262848948567733,0.902166860374009
DimethylEther,50.0,fall,14,1.0777294936221076,0.7925210028272579
DimethylEther,50.0,fall,15,1.128108233651276,0.805021002827258
DimethylEther,50.0,fall,16,1.0937851529810994,0.7925210028272579
DimethylEther,50.0,fall,17,1.0058669523828447,0.6953751452805068
DimethylEther,50.0,fall,18,0.8360501633763958,0.5857292877337557
DimethylEther,50.0,fall,19,1.0247099864391813,0.6703751452805068
DimethylEther,50.0,fall,20,0.5427189027362957,0.3914375726402535
DimethylEther,50.0,fall,21,0.5565087290106115,0.4039375726402535
DimethylEther,50.0,fall,22,0.7332445684145519,0.4635834301870046
DimethylEther,50.0,fall,23,0.7718062723251324,0.4885834301870047
